symbol,cluster,notes
numinous_intensity,sacred_intensity,Awe, dread, sacred force, archetypal activation, overwhelming meaningfulness
symbolic_containment,containment,Capacity to hold symbolic material without literalization, inflation, or collapse
ritual_containment,containment,Liturgy, prayer, community practice, ritual form, symbolic law, repetition, tradition
ego_stability,ego_capacity,Ordinary functioning, reality-testing, self-continuity, reflective distance
shadow_awareness,discernment,Capacity to recognize limitation, aggression, fear, envy, dependency, and projection
relational_support,support,Grounded others, clinicians, elders, community, family, trusted witnesses
trauma_vulnerability,vulnerability,Prior trauma, dissociation vulnerability, affect regulation fragility, compromised safety
sleep_disruption,vulnerability,Sleep loss, altered rhythm, overstimulation, intensification of crisis risk
perceived_mission,inflation_pathway,Felt special calling, chosenness, apocalyptic urgency, exceptionalism
inflation_risk,risk,Ego identification with sacred or archetypal power
crisis_state,risk,Disorganization, overload, loss of symbolic boundaries, impaired functioning
integration,outcome,Capacity to bring experience into body, language, ethics, community, and ordinary life
