construct,cluster,notes
symptom_burden,clinical_risk,Stylized intensity of distress, impairment, or symptom pressure
ego_integration,ego_capacity,Reflective distance, continuity, reality testing, and capacity to relate to unconscious material
symbolic_capacity,symbolic_capacity,Capacity to dream, imagine, symbolize, and hold inner life without literalism or overwhelm
relational_safety,clinical_vessel,Therapeutic alliance, containment, boundaries, and safety in the treatment field
affect_regulation,regulation,Capacity to feel affect without collapse, dissociation, impulsive discharge, or deadness
complex_activation,clinical_risk,Intensity of activated affective-memory clusters and repetitive patterns
conscious_onesidedness,clinical_risk,Rigidity of conscious attitude, persona overidentification, or excluded psychic life
trauma_fragmentation,clinical_risk,Dissociative pressure, discontinuity, unintegrated trauma, and disrupted symbolic capacity
shame_load,clinical_risk,Developmental shame, exposure anxiety, and fear of defectiveness
dream_richness,symbolic_capacity,Vitality, complexity, and affective relevance of dream material
shadow_awareness,integration_capacity,Capacity to recognize disowned aggression, need, envy, sexuality, grief, or vitality
clinical_functioning,outcome,Overall synthetic functioning based on symptom burden, ego integration, relational safety, and symbolic capacity
